"","X","region","snp","logistic","coxph","survival","logistic"
"1",1,"chr1_150600001_155100000","rs61819522",4.41482137149648,4.28090358762864,7.94597929556039,7.30730970304285
"2",2,"chr10_6600001_12200000","rs61840192",17.382996511829,16.9591484657946,36.8180959932797,35.3248552920413
"3",3,"chr11_75500001_77400000","rs7114362",8.52552003310987,7.94623102781217,16.3227974463662,16.9086775193427
"4",4,"chr12_46000001_48700000","rs11168250",9.32120128650797,10.2330891027007,21.7257911500928,22.0042648847302
"5",5,"chr12_54500001_56200000","rs76901905",2.83735196847849,2.88286354565722,5.08676464008749,5.8728315847693
"6",6,"chr15_59000001_63400000","rs922781",3.7609634299493,3.34691088226987,6.1443939730234,6.26377232043887
"7",7,"chr17_33500001_39800000","rs8067124",4.71019484581554,4.69695338972275,8.74245393136516,8.88234164835012
"8",8,"chr19_31900001_35100000","rs118013485",5.28097630904411,4.86798543461926,9.65840173605829,8.99562520347536
"9",9,"chr2_102100001_105300000","rs13001325",13.2411577213558,12.3150464259102,26.0042552398809,25.9521508929174
"10",10,"chr2_143400001_147900000","rs2381712",8.73898707117302,8.37658338159568,17.2941005682806,16.5743776556483
"11",11,"chr2_236400001_242193529","rs1882676",3.67224476117224,3.73138890908739,6.93999877813621,6.82155424875964
"12",12,"chr6_30500001_32100000","rs2428494",22.7042768019764,22.2843827447817,48.748932819406,48.3200473445322
"13",13,"chr1_150600001_155100000","rs61819522",4.41482137149648,4.28090358762864,7.94597929556039,7.30730970304285
"14",14,"chr10_6600001_12200000","rs61840192",17.382996511829,16.9591484657946,36.8180959932797,35.3248552920413
"15",15,"chr11_75500001_77400000","rs7114362",8.52552003310987,7.94623102781217,16.3227974463662,16.9086775193427
"16",16,"chr12_46000001_48700000","rs56389811",9.21661030643587,10.2704604653342,21.8127302736393,22.1623574590922
"17",17,"chr12_54500001_56200000","rs76901905",2.83735196847849,2.88286354565722,5.08676464008749,5.8728315847693
"18",18,"chr15_59000001_63400000","rs17204454",3.48441622414656,3.69525175333641,6.91542773426045,6.90205547849473
"19",19,"chr17_33500001_39800000","rs8067124",4.71019484581554,4.69695338972275,8.74245393136516,8.88234164835012
"20",20,"chr19_31900001_35100000","rs117710327",5.26577240830164,4.88628505470467,9.70004512998275,9.05079383110569
"21",21,"chr2_102100001_105300000","rs13001325",13.2411577213558,12.3150464259102,26.0042552398809,25.9521508929174
"22",22,"chr2_143400001_147900000","rs7571606",8.72629053706849,8.54639337263532,17.6878980833571,16.849466886677
"23",23,"chr2_236400001_242193529","rs1882676",3.67224476117224,3.73138890908739,6.93999877813621,6.82155424875964
"24",24,"chr6_30500001_32100000","rs2428494",22.7042768019764,22.2843827447817,48.748932819406,48.3200473445322
